{
    "metadata": {
        "last_saved_epoch": 31,
        "best_f1_score": 0.3274355192536633
    },
    "histories": {
        "train_loss": [
            0.656403390037549,
            0.5592488592399301,
            0.5044302548680987,
            0.47096535718103627,
            0.44690007106824353,
            0.42774000376462934,
            0.4111417508744574,
            0.39627196816679094,
            0.38356910404059796,
            0.37325721500663583,
            0.4321317789193248,
            0.3818493993153012,
            0.3550585249735023,
            0.3380636378879179,
            0.32159856530833564,
            0.30867172861790054,
            0.3002552701849463,
            0.2946853910477342,
            0.29062814009756427,
            0.28726625440290743,
            0.28430088922757807,
            0.28154486845099375,
            0.2789914958500047,
            0.2763601411991984,
            0.27356889137630125,
            0.2707461772312204,
            0.26804588436194726,
            0.2654325049951739,
            0.2628652887836785,
            0.2603391032516513,
            0.2578921613420455
        ],
        "val_loss": [
            0.45244087021926355,
            0.36924211732272444,
            0.33977267927136917,
            0.3315677258475073,
            0.3301956022607869,
            0.33190970400284076,
            0.33328479384553844,
            0.33303666525873643,
            0.3319566249847412,
            0.3315213820029949,
            0.3321065444370796,
            0.32761260723245555,
            0.32573681967011814,
            0.3170923085048281,
            0.30170671631549967,
            0.292258843471264,
            0.28724455812881733,
            0.28337222214402824,
            0.2799474050258768,
            0.2772538639348129,
            0.27412850116861276,
            0.27143245586033526,
            0.2685409527400444,
            0.26497488679557013,
            0.2612146461832112,
            0.25757445343609514,
            0.2538947709675493,
            0.2503476231262602,
            0.24694757482101176,
            0.24363905468891406,
            0.239930993524091
        ],
        "val_acc": [
            0.0,
            0.0,
            0.0,
            0.0,
            0.0,
            0.0,
            0.0,
            0.0,
            0.0,
            0.0,
            0.0,
            0.0,
            0.0,
            0.0,
            0.0,
            0.0,
            0.0,
            0.0,
            0.0,
            2.2816880841121496e-07,
            2.2816880841121496e-07,
            0.0,
            0.00024753056158210947,
            2.3599173898531374e-05,
            0.002404768858477971,
            0.00044701529122162883,
            0.0071754200913718294,
            0.007188164949098798,
            0.00958488270819426,
            0.007975184360397196,
            0.012397095867406543
        ],
        "val_f1_macro": [
            0.1345999330676326,
            0.12757129239780418,
            0.12697735523011616,
            0.13892388018902635,
            0.13232987543571623,
            0.10561586203584794,
            0.09864665247671672,
            0.09631319853037065,
            0.09637757060824548,
            0.10470676324096564,
            0.10356774831333855,
            0.10982597196196962,
            0.14339714138050763,
            0.17890999405985297,
            0.22325681692566876,
            0.2430738553487437,
            0.2525047173056365,
            0.2541321216282547,
            0.26194570680416374,
            0.2787924354232402,
            0.28106069672896583,
            0.2799325572847614,
            0.2895279176974035,
            0.2856170974667853,
            0.29961815687098015,
            0.29699281647831133,
            0.3100300594742734,
            0.31292268366259096,
            0.31962652353826404,
            0.322352327662629,
            0.3274355192536633
        ]
    }
}